amp_uAcm2,spiked,peak_V_mV,t_peak_ms,min_V_mV,max_INa_uAcm2,max_INa_abs_uAcm2,max_IK_uAcm2,csv_path,config_path
0.0,0,-64.99283969,3.92,-65.0,-1.222921955,1.222921955,4.405380114,runs/phase2_amp20_only/csv/run_amp_0.csv,runs/phase2_amp20_only/configs/run_amp_0.cfg
1.0,0,-64.1808533,6.0,-65.20500635,-1.56200513,1.56200513,4.777819775,runs/phase2_amp20_only/csv/run_amp_1.csv,runs/phase2_amp20_only/configs/run_amp_1.cfg
2.0,0,-63.35527111,6.0,-65.42711557,-2.000272904,2.000272904,5.192555522,runs/phase2_amp20_only/csv/run_amp_2.csv,runs/phase2_amp20_only/configs/run_amp_2.cfg
3.0,0,-62.51496445,6.0,-65.67168803,-2.572556877,2.572556877,5.676408117,runs/phase2_amp20_only/csv/run_amp_3.csv,runs/phase2_amp20_only/configs/run_amp_3.cfg
4.0,0,-61.6574344,6.0,-65.95390079,-3.335835092,3.335835092,6.276584042,runs/phase2_amp20_only/csv/run_amp_4.csv,runs/phase2_amp20_only/configs/run_amp_4.cfg
5.0,0,-60.77979431,6.0,-66.30721261,-4.400485396,4.400485396,7.100574311,runs/phase2_amp20_only/csv/run_amp_5.csv,runs/phase2_amp20_only/configs/run_amp_5.cfg
6.0,0,-59.87809806,6.01,-66.83852263,-6.113235226,6.113235226,8.515834223,runs/phase2_amp20_only/csv/run_amp_6.csv,runs/phase2_amp20_only/configs/run_amp_6.cfg
7.0,1,35.17465434,10.11,-76.14355274,-748.4208237,748.4208237,783.0794996,runs/phase2_amp20_only/csv/run_amp_7.csv,runs/phase2_amp20_only/configs/run_amp_7.cfg
8.0,1,37.88643823,8.35,-76.16382099,-775.6220271,775.6220271,809.5779305,runs/phase2_amp20_only/csv/run_amp_8.csv,runs/phase2_amp20_only/configs/run_amp_8.cfg
9.0,1,38.636033,7.82,-76.16922019,-783.2163166,783.2163166,816.9718381,runs/phase2_amp20_only/csv/run_amp_9.csv,runs/phase2_amp20_only/configs/run_amp_9.cfg
10.0,1,39.07352337,7.51,-76.17239875,-787.7196264,787.7196264,821.3653899,runs/phase2_amp20_only/csv/run_amp_10.csv,runs/phase2_amp20_only/configs/run_amp_10.cfg
11.0,1,39.38864827,7.29,-76.17460405,-790.8805787,790.8805787,824.4425195,runs/phase2_amp20_only/csv/run_amp_11.csv,runs/phase2_amp20_only/configs/run_amp_11.cfg
12.0,1,39.62082665,7.13,-76.17628286,-793.2775498,793.2775498,826.7548213,runs/phase2_amp20_only/csv/run_amp_12.csv,runs/phase2_amp20_only/configs/run_amp_12.cfg
13.0,1,39.80915091,7.0,-76.17758224,-795.1546288,795.1546288,828.5889525,runs/phase2_amp20_only/csv/run_amp_13.csv,runs/phase2_amp20_only/configs/run_amp_13.cfg
14.0,1,39.9588489,6.9,-76.17862384,-796.6811216,796.6811216,830.0673536,runs/phase2_amp20_only/csv/run_amp_14.csv,runs/phase2_amp20_only/configs/run_amp_14.cfg
15.0,1,40.08574598,6.81,-76.17949768,-797.9433541,797.9433541,831.3045409,runs/phase2_amp20_only/csv/run_amp_15.csv,runs/phase2_amp20_only/configs/run_amp_15.cfg
16.0,1,40.19446496,6.74,-76.18022792,-799.0160384,799.0160384,832.3461133,runs/phase2_amp20_only/csv/run_amp_16.csv,runs/phase2_amp20_only/configs/run_amp_16.cfg
17.0,1,40.28535135,6.68,-76.18085855,-799.9423388,799.9423388,833.247462,runs/phase2_amp20_only/csv/run_amp_17.csv,runs/phase2_amp20_only/configs/run_amp_17.cfg
18.0,1,40.36788298,6.62,-76.18141952,-800.7516821,800.7516821,834.0465686,runs/phase2_amp20_only/csv/run_amp_18.csv,runs/phase2_amp20_only/configs/run_amp_18.cfg
19.0,1,40.43827281,6.57,-76.18191146,-801.508435,801.508435,834.7663647,runs/phase2_amp20_only/csv/run_amp_19.csv,runs/phase2_amp20_only/configs/run_amp_19.cfg
20.0,1,40.50767463,6.53,-76.18239458,-802.20147,802.20147,835.4479093,runs/phase2_amp20_only/csv/run_amp_20.csv,runs/phase2_amp20_only/configs/run_amp_20.cfg
21.0,1,40.56753587,6.49,-76.18282093,-802.8759215,802.8759215,836.09165,runs/phase2_amp20_only/csv/run_amp_21.csv,runs/phase2_amp20_only/configs/run_amp_21.cfg
22.0,1,40.61874254,6.46,-76.18330069,-803.5274254,803.5274254,836.7443177,runs/phase2_amp20_only/csv/run_amp_22.csv,runs/phase2_amp20_only/configs/run_amp_22.cfg
23.0,1,40.67381611,6.42,-76.18375025,-804.1866063,804.1866063,837.3893295,runs/phase2_amp20_only/csv/run_amp_23.csv,runs/phase2_amp20_only/configs/run_amp_23.cfg
24.0,1,40.72333259,6.39,-76.18420148,-804.8665519,804.8665519,838.0445242,runs/phase2_amp20_only/csv/run_amp_24.csv,runs/phase2_amp20_only/configs/run_amp_24.cfg
25.0,1,40.76651179,6.37,-76.1846214,-805.5534527,805.5534527,838.6946841,runs/phase2_amp20_only/csv/run_amp_25.csv,runs/phase2_amp20_only/configs/run_amp_25.cfg
26.0,1,40.81691105,6.34,-76.18511389,-806.2142095,806.2142095,839.3583986,runs/phase2_amp20_only/csv/run_amp_26.csv,runs/phase2_amp20_only/configs/run_amp_26.cfg
27.0,1,40.85343597,6.32,-76.18555274,-806.8839078,806.8839078,839.9904843,runs/phase2_amp20_only/csv/run_amp_27.csv,runs/phase2_amp20_only/configs/run_amp_27.cfg
28.0,1,40.89767937,6.29,-76.18596844,-807.5213351,807.5213351,840.6002602,runs/phase2_amp20_only/csv/run_amp_28.csv,runs/phase2_amp20_only/configs/run_amp_28.cfg
29.0,1,40.93672021,6.27,-76.1863714,-808.1217676,808.1217676,841.1840737,runs/phase2_amp20_only/csv/run_amp_29.csv,runs/phase2_amp20_only/configs/run_amp_29.cfg
30.0,1,40.97257862,6.25,-76.1867577,-808.6830211,808.6830211,841.7345789,runs/phase2_amp20_only/csv/run_amp_30.csv,runs/phase2_amp20_only/configs/run_amp_30.cfg
31.0,1,41.00583921,6.23,-76.1871143,-809.2017459,809.2017459,842.2558598,runs/phase2_amp20_only/csv/run_amp_31.csv,runs/phase2_amp20_only/configs/run_amp_31.cfg
32.0,1,41.03543867,6.21,-76.18742139,-809.7022199,809.7022199,842.7388531,runs/phase2_amp20_only/csv/run_amp_32.csv,runs/phase2_amp20_only/configs/run_amp_32.cfg
33.0,1,41.06908576,6.2,-76.18774653,-810.1728567,810.1728567,843.1767848,runs/phase2_amp20_only/csv/run_amp_33.csv,runs/phase2_amp20_only/configs/run_amp_33.cfg
34.0,1,41.10275771,6.18,-76.18803894,-810.6021164,810.6021164,843.6206205,runs/phase2_amp20_only/csv/run_amp_34.csv,runs/phase2_amp20_only/configs/run_amp_34.cfg
35.0,1,41.1287356,6.16,-76.18832227,-811.0355628,811.0355628,844.0151966,runs/phase2_amp20_only/csv/run_amp_35.csv,runs/phase2_amp20_only/configs/run_amp_35.cfg
36.0,1,41.16598925,6.15,-76.18857013,-811.4336143,811.4336143,844.4222187,runs/phase2_amp20_only/csv/run_amp_36.csv,runs/phase2_amp20_only/configs/run_amp_36.cfg
37.0,1,41.1946163,6.13,-76.18885554,-811.8215665,811.8215665,844.795687,runs/phase2_amp20_only/csv/run_amp_37.csv,runs/phase2_amp20_only/configs/run_amp_37.cfg
38.0,1,41.23613501,6.12,-76.18910008,-812.2065734,812.2065734,845.1544569,runs/phase2_amp20_only/csv/run_amp_38.csv,runs/phase2_amp20_only/configs/run_amp_38.cfg
39.0,1,41.27280646,6.11,-76.18932025,-812.5714803,812.5714803,845.5209681,runs/phase2_amp20_only/csv/run_amp_39.csv,runs/phase2_amp20_only/configs/run_amp_39.cfg
40.0,1,41.32575715,6.09,-76.18955922,-812.9224516,812.9224516,845.8712292,runs/phase2_amp20_only/csv/run_amp_40.csv,runs/phase2_amp20_only/configs/run_amp_40.cfg
41.0,1,41.38407438,6.08,-76.18980566,-813.264618,813.264618,846.2100131,runs/phase2_amp20_only/csv/run_amp_41.csv,runs/phase2_amp20_only/configs/run_amp_41.cfg
42.0,1,41.47198829,6.06,-76.19003921,-813.6134325,813.6134325,846.5407724,runs/phase2_amp20_only/csv/run_amp_42.csv,runs/phase2_amp20_only/configs/run_amp_42.cfg
43.0,1,41.60524542,6.04,-76.19026437,-813.9531259,813.9531259,846.8658892,runs/phase2_amp20_only/csv/run_amp_43.csv,runs/phase2_amp20_only/configs/run_amp_43.cfg
44.0,1,41.90594055,6.01,-76.19048364,-814.285429,814.285429,847.186876,runs/phase2_amp20_only/csv/run_amp_44.csv,runs/phase2_amp20_only/configs/run_amp_44.cfg
45.0,1,42.2895613,6.0,-76.19069795,-814.6113499,814.6113499,847.5045369,runs/phase2_amp20_only/csv/run_amp_45.csv,runs/phase2_amp20_only/configs/run_amp_45.cfg
46.0,1,42.56996721,6.0,-76.19090695,-814.9313054,814.9313054,847.8190972,runs/phase2_amp20_only/csv/run_amp_46.csv,runs/phase2_amp20_only/configs/run_amp_46.cfg
47.0,1,42.75206095,6.0,-76.1911092,-815.2452277,815.2452277,848.1303092,runs/phase2_amp20_only/csv/run_amp_47.csv,runs/phase2_amp20_only/configs/run_amp_47.cfg
48.0,1,42.85989262,6.0,-76.19130239,-815.559792,815.559792,848.4375382,runs/phase2_amp20_only/csv/run_amp_48.csv,runs/phase2_amp20_only/configs/run_amp_48.cfg
49.0,1,42.91171326,6.0,-76.19150221,-815.8778205,815.8778205,848.7398324,runs/phase2_amp20_only/csv/run_amp_49.csv,runs/phase2_amp20_only/configs/run_amp_49.cfg
50.0,1,42.95912066,5.99,-76.1917253,-816.1910754,816.1910754,849.0359806,runs/phase2_amp20_only/csv/run_amp_50.csv,runs/phase2_amp20_only/configs/run_amp_50.cfg
51.0,1,43.00577883,5.98,-76.19193772,-816.4981175,816.4981175,849.3245598,runs/phase2_amp20_only/csv/run_amp_51.csv,runs/phase2_amp20_only/configs/run_amp_51.cfg
52.0,1,43.05111976,5.97,-76.19213462,-816.7973427,816.7973427,849.6213101,runs/phase2_amp20_only/csv/run_amp_52.csv,runs/phase2_amp20_only/configs/run_amp_52.cfg
53.0,1,43.09447213,5.96,-76.19231074,-817.0870131,817.0870131,849.9215579,runs/phase2_amp20_only/csv/run_amp_53.csv,runs/phase2_amp20_only/configs/run_amp_53.cfg
54.0,1,43.13505651,5.95,-76.19250962,-817.3954822,817.3954822,850.2121165,runs/phase2_amp20_only/csv/run_amp_54.csv,runs/phase2_amp20_only/configs/run_amp_54.cfg
55.0,1,43.18132883,5.95,-76.19272433,-817.6971701,817.6971701,850.4909348,runs/phase2_amp20_only/csv/run_amp_55.csv,runs/phase2_amp20_only/configs/run_amp_55.cfg
56.0,1,43.22824075,5.94,-76.19290947,-817.9863014,817.9863014,850.7805163,runs/phase2_amp20_only/csv/run_amp_56.csv,runs/phase2_amp20_only/configs/run_amp_56.cfg
57.0,1,43.27143678,5.93,-76.19307665,-818.2746074,818.2746074,851.0722344,runs/phase2_amp20_only/csv/run_amp_57.csv,runs/phase2_amp20_only/configs/run_amp_57.cfg
58.0,1,43.30982349,5.92,-76.19329878,-818.5764003,818.5764003,851.34838,runs/phase2_amp20_only/csv/run_amp_58.csv,runs/phase2_amp20_only/configs/run_amp_58.cfg
59.0,1,43.35713802,5.92,-76.19348016,-818.8616124,818.8616124,851.629831,runs/phase2_amp20_only/csv/run_amp_59.csv,runs/phase2_amp20_only/configs/run_amp_59.cfg
60.0,1,43.40177241,5.91,-76.19365492,-819.1470508,819.1470508,851.9177129,runs/phase2_amp20_only/csv/run_amp_60.csv,runs/phase2_amp20_only/configs/run_amp_60.cfg
61.0,1,43.44002103,5.9,-76.19386666,-819.4431116,819.4431116,852.1854917,runs/phase2_amp20_only/csv/run_amp_61.csv,runs/phase2_amp20_only/configs/run_amp_61.cfg
62.0,1,43.48554938,5.9,-76.19402483,-819.718011,819.718011,852.4726474,runs/phase2_amp20_only/csv/run_amp_62.csv,runs/phase2_amp20_only/configs/run_amp_62.cfg
63.0,1,43.52932632,5.89,-76.19423446,-820.0126379,820.0126379,852.7491805,runs/phase2_amp20_only/csv/run_amp_63.csv,runs/phase2_amp20_only/configs/run_amp_63.cfg
64.0,1,43.56485796,5.89,-76.19441319,-820.2950461,820.2950461,853.0193937,runs/phase2_amp20_only/csv/run_amp_64.csv,runs/phase2_amp20_only/configs/run_amp_64.cfg
65.0,1,43.61358476,5.88,-76.1945944,-820.5753812,820.5753812,853.3032302,runs/phase2_amp20_only/csv/run_amp_65.csv,runs/phase2_amp20_only/configs/run_amp_65.cfg
66.0,1,43.65334772,5.87,-76.19478835,-820.8636574,820.8636574,853.5621806,runs/phase2_amp20_only/csv/run_amp_66.csv,runs/phase2_amp20_only/configs/run_amp_66.cfg
67.0,1,43.69515399,5.87,-76.19495312,-821.1347964,821.1347964,853.8513563,runs/phase2_amp20_only/csv/run_amp_67.csv,runs/phase2_amp20_only/configs/run_amp_67.cfg
68.0,1,43.73849359,5.86,-76.19515614,-821.4268603,821.4268603,854.1101492,runs/phase2_amp20_only/csv/run_amp_68.csv,runs/phase2_amp20_only/configs/run_amp_68.cfg
69.0,1,43.77558246,5.86,-76.19531409,-821.6929774,821.6929774,854.3958621,runs/phase2_amp20_only/csv/run_amp_69.csv,runs/phase2_amp20_only/configs/run_amp_69.cfg
70.0,1,43.82164271,5.85,-76.19551945,-821.9864288,821.9864288,854.6548719,runs/phase2_amp20_only/csv/run_amp_70.csv,runs/phase2_amp20_only/configs/run_amp_70.cfg
71.0,1,43.85583772,5.85,-76.19567834,-822.2509483,822.2509483,854.93794,runs/phase2_amp20_only/csv/run_amp_71.csv,runs/phase2_amp20_only/configs/run_amp_71.cfg
72.0,1,43.90370289,5.84,-76.19587885,-822.5431582,822.5431582,855.194541,runs/phase2_amp20_only/csv/run_amp_72.csv,runs/phase2_amp20_only/configs/run_amp_72.cfg
73.0,1,43.9381111,5.83,-76.19604505,-822.8088916,822.8088916,855.4779069,runs/phase2_amp20_only/csv/run_amp_73.csv,runs/phase2_amp20_only/configs/run_amp_73.cfg
74.0,1,43.98516232,5.83,-76.19623314,-823.0970716,823.0970716,855.7305708,runs/phase2_amp20_only/csv/run_amp_74.csv,runs/phase2_amp20_only/configs/run_amp_74.cfg
75.0,1,44.01931169,5.82,-76.19641189,-823.3663272,823.3663272,856.01539,runs/phase2_amp20_only/csv/run_amp_75.csv,runs/phase2_amp20_only/configs/run_amp_75.cfg
76.0,1,44.06618707,5.82,-76.19657969,-823.6475828,823.6475828,856.273004,runs/phase2_amp20_only/csv/run_amp_76.csv,runs/phase2_amp20_only/configs/run_amp_76.cfg
77.0,1,44.09945054,5.82,-76.19677535,-823.9222544,823.9222544,856.5494728,runs/phase2_amp20_only/csv/run_amp_77.csv,runs/phase2_amp20_only/configs/run_amp_77.cfg
78.0,1,44.14668671,5.81,-76.19691472,-824.1936254,824.1936254,856.8137534,runs/phase2_amp20_only/csv/run_amp_78.csv,runs/phase2_amp20_only/configs/run_amp_78.cfg
79.0,1,44.18155927,5.81,-76.19713098,-824.4752645,824.4752645,857.0788116,runs/phase2_amp20_only/csv/run_amp_79.csv,runs/phase2_amp20_only/configs/run_amp_79.cfg
80.0,1,44.22635713,5.8,-76.19728982,-824.7337556,824.7337556,857.3511615,runs/phase2_amp20_only/csv/run_amp_80.csv,runs/phase2_amp20_only/configs/run_amp_80.cfg
81.0,1,44.26360076,5.8,-76.1974735,-825.0236299,825.0236299,857.6017275,runs/phase2_amp20_only/csv/run_amp_81.csv,runs/phase2_amp20_only/configs/run_amp_81.cfg
82.0,1,44.3047067,5.79,-76.19765881,-825.2910871,825.2910871,857.8832896,runs/phase2_amp20_only/csv/run_amp_82.csv,runs/phase2_amp20_only/configs/run_amp_82.cfg
83.0,1,44.34502047,5.79,-76.19779694,-825.5653755,825.5653755,858.1428891,runs/phase2_amp20_only/csv/run_amp_83.csv,runs/phase2_amp20_only/configs/run_amp_83.cfg
84.0,1,44.38106954,5.78,-76.19801104,-825.8433981,825.8433981,858.4079816,runs/phase2_amp20_only/csv/run_amp_84.csv,runs/phase2_amp20_only/configs/run_amp_84.cfg
85.0,1,44.42511659,5.78,-76.19817703,-826.1014607,826.1014607,858.6789508,runs/phase2_amp20_only/csv/run_amp_85.csv,runs/phase2_amp20_only/configs/run_amp_85.cfg
86.0,1,44.45901427,5.78,-76.19833965,-826.3876157,826.3876157,858.9303206,runs/phase2_amp20_only/csv/run_amp_86.csv,runs/phase2_amp20_only/configs/run_amp_86.cfg
87.0,1,44.50303857,5.77,-76.1985381,-826.657993,826.657993,859.205866,runs/phase2_amp20_only/csv/run_amp_87.csv,runs/phase2_amp20_only/configs/run_amp_87.cfg
88.0,1,44.5414181,5.77,-76.19869374,-826.9212852,826.9212852,859.47022,runs/phase2_amp20_only/csv/run_amp_88.csv,runs/phase2_amp20_only/configs/run_amp_88.cfg
89.0,1,44.5777785,5.76,-76.19886982,-827.2044114,827.2044114,859.7210553,runs/phase2_amp20_only/csv/run_amp_89.csv,runs/phase2_amp20_only/configs/run_amp_89.cfg
90.0,1,44.62121215,5.76,-76.19906062,-827.470501,827.470501,859.998767,runs/phase2_amp20_only/csv/run_amp_90.csv,runs/phase2_amp20_only/configs/run_amp_90.cfg
91.0,1,44.65582786,5.76,-76.19921291,-827.7380712,827.7380712,860.2596825,runs/phase2_amp20_only/csv/run_amp_91.csv,runs/phase2_amp20_only/configs/run_amp_91.cfg
92.0,1,44.69724541,5.75,-76.19939149,-828.0180141,828.0180141,860.5132156,runs/phase2_amp20_only/csv/run_amp_92.csv,runs/phase2_amp20_only/configs/run_amp_92.cfg
93.0,1,44.73742195,5.75,-76.19958096,-828.2825006,828.2825006,860.7885023,runs/phase2_amp20_only/csv/run_amp_93.csv,runs/phase2_amp20_only/configs/run_amp_93.cfg
94.0,1,44.76973013,5.75,-76.19973541,-828.5502448,828.5502448,861.0485198,runs/phase2_amp20_only/csv/run_amp_94.csv,runs/phase2_amp20_only/configs/run_amp_94.cfg
95.0,1,44.81450557,5.74,-76.19990565,-828.8293867,828.8293867,861.3005695,runs/phase2_amp20_only/csv/run_amp_95.csv,runs/phase2_amp20_only/configs/run_amp_95.cfg
96.0,1,44.85277953,5.74,-76.20009881,-829.0944186,829.0944186,861.5756888,runs/phase2_amp20_only/csv/run_amp_96.csv,runs/phase2_amp20_only/configs/run_amp_96.cfg
97.0,1,44.8855977,5.73,-76.20025982,-829.3582533,829.3582533,861.8368418,runs/phase2_amp20_only/csv/run_amp_97.csv,runs/phase2_amp20_only/configs/run_amp_97.cfg
98.0,1,44.9304226,5.73,-76.20041093,-829.6385061,829.6385061,862.084688,runs/phase2_amp20_only/csv/run_amp_98.csv,runs/phase2_amp20_only/configs/run_amp_98.cfg
99.0,1,44.96787494,5.73,-76.20061182,-829.9058024,829.9058024,862.3600252,runs/phase2_amp20_only/csv/run_amp_99.csv,runs/phase2_amp20_only/configs/run_amp_99.cfg
100.0,1,45.001019,5.72,-76.20078293,-830.1616972,830.1616972,862.6239408,runs/phase2_amp20_only/csv/run_amp_100.csv,runs/phase2_amp20_only/configs/run_amp_100.cfg
101.0,1,45.04539008,5.72,-76.20092628,-830.4445946,830.4445946,862.8755926,runs/phase2_amp20_only/csv/run_amp_101.csv,runs/phase2_amp20_only/configs/run_amp_101.cfg
102.0,1,45.0829077,5.72,-76.20111608,-830.7155289,830.7155289,863.140508,runs/phase2_amp20_only/csv/run_amp_102.csv,runs/phase2_amp20_only/configs/run_amp_102.cfg
103.0,1,45.11464742,5.71,-76.20130018,-830.9750274,830.9750274,863.4084859,runs/phase2_amp20_only/csv/run_amp_103.csv,runs/phase2_amp20_only/configs/run_amp_103.cfg
104.0,1,45.15943812,5.71,-76.20145828,-831.2462989,831.2462989,863.6651008,runs/phase2_amp20_only/csv/run_amp_104.csv,runs/phase2_amp20_only/configs/run_amp_104.cfg
105.0,1,45.19777196,5.71,-76.20160644,-831.521966,831.521966,863.9155987,runs/phase2_amp20_only/csv/run_amp_105.csv,runs/phase2_amp20_only/configs/run_amp_105.cfg
106.0,1,45.23030647,5.71,-76.20180591,-831.7870018,831.7870018,864.1886746,runs/phase2_amp20_only/csv/run_amp_106.csv,runs/phase2_amp20_only/configs/run_amp_106.cfg
107.0,1,45.27230127,5.7,-76.20198084,-832.0418558,832.0418558,864.4511688,runs/phase2_amp20_only/csv/run_amp_107.csv,runs/phase2_amp20_only/configs/run_amp_107.cfg
108.0,1,45.31210969,5.7,-76.20213276,-832.3230979,832.3230979,864.7035266,runs/phase2_amp20_only/csv/run_amp_108.csv,runs/phase2_amp20_only/configs/run_amp_108.cfg
109.0,1,45.34636282,5.7,-76.20229357,-832.594436,832.594436,864.962349,runs/phase2_amp20_only/csv/run_amp_109.csv,runs/phase2_amp20_only/configs/run_amp_109.cfg
110.0,1,45.38345863,5.69,-76.20248709,-832.8562478,832.8562478,865.2314437,runs/phase2_amp20_only/csv/run_amp_110.csv,runs/phase2_amp20_only/configs/run_amp_110.cfg
111.0,1,45.42534085,5.69,-76.20265868,-833.1166219,833.1166219,865.4910393,runs/phase2_amp20_only/csv/run_amp_111.csv,runs/phase2_amp20_only/configs/run_amp_111.cfg
112.0,1,45.46183933,5.69,-76.20280966,-833.39486,833.39486,865.7415192,runs/phase2_amp20_only/csv/run_amp_112.csv,runs/phase2_amp20_only/configs/run_amp_112.cfg
113.0,1,45.49346396,5.69,-76.20296946,-833.6641457,833.6641457,866.0033445,runs/phase2_amp20_only/csv/run_amp_113.csv,runs/phase2_amp20_only/configs/run_amp_113.cfg
114.0,1,45.53667594,5.68,-76.20316205,-833.9248286,833.9248286,866.270662,runs/phase2_amp20_only/csv/run_amp_114.csv,runs/phase2_amp20_only/configs/run_amp_114.cfg
115.0,1,45.57592425,5.68,-76.20333482,-834.1856242,834.1856242,866.5293866,runs/phase2_amp20_only/csv/run_amp_115.csv,runs/phase2_amp20_only/configs/run_amp_115.cfg
116.0,1,45.61037937,5.68,-76.20348889,-834.4627762,834.4627762,866.7798509,runs/phase2_amp20_only/csv/run_amp_116.csv,runs/phase2_amp20_only/configs/run_amp_116.cfg
117.0,1,45.64511471,5.67,-76.20363455,-834.7317984,834.7317984,867.0395324,runs/phase2_amp20_only/csv/run_amp_117.csv,runs/phase2_amp20_only/configs/run_amp_117.cfg
118.0,1,45.68761393,5.67,-76.20383013,-834.9929952,834.9929952,867.3068063,runs/phase2_amp20_only/csv/run_amp_118.csv,runs/phase2_amp20_only/configs/run_amp_118.cfg
119.0,1,45.72535243,5.67,-76.2040076,-835.2492625,835.2492625,867.5662513,runs/phase2_amp20_only/csv/run_amp_119.csv,runs/phase2_amp20_only/configs/run_amp_119.cfg
120.0,1,45.75874842,5.67,-76.20416795,-835.5268608,835.5268608,867.8181577,runs/phase2_amp20_only/csv/run_amp_120.csv,runs/phase2_amp20_only/configs/run_amp_120.cfg
121.0,1,45.79569699,5.66,-76.20431209,-835.7970254,835.7970254,868.0707373,runs/phase2_amp20_only/csv/run_amp_121.csv,runs/phase2_amp20_only/configs/run_amp_121.cfg
122.0,1,45.83718934,5.66,-76.20448837,-836.0600231,836.0600231,868.3393319,runs/phase2_amp20_only/csv/run_amp_122.csv,runs/phase2_amp20_only/configs/run_amp_122.cfg
123.0,1,45.87431301,5.66,-76.20467334,-836.3161097,836.3161097,868.6007455,runs/phase2_amp20_only/csv/run_amp_123.csv,runs/phase2_amp20_only/configs/run_amp_123.cfg
124.0,1,45.90743748,5.66,-76.20484246,-836.5862498,836.5862498,868.8552334,runs/phase2_amp20_only/csv/run_amp_124.csv,runs/phase2_amp20_only/configs/run_amp_124.cfg
125.0,1,45.94447619,5.65,-76.20499656,-836.8586606,836.8586606,869.1030406,runs/phase2_amp20_only/csv/run_amp_125.csv,runs/phase2_amp20_only/configs/run_amp_125.cfg
126.0,1,45.98579233,5.65,-76.2051364,-837.1244657,837.1244657,869.3669343,runs/phase2_amp20_only/csv/run_amp_126.csv,runs/phase2_amp20_only/configs/run_amp_126.cfg
127.0,1,46.02303719,5.65,-76.20532676,-837.3838913,837.3838913,869.6312938,runs/phase2_amp20_only/csv/run_amp_127.csv,runs/phase2_amp20_only/configs/run_amp_127.cfg
128.0,1,46.05654205,5.65,-76.20550668,-837.6394271,837.6394271,869.8892514,runs/phase2_amp20_only/csv/run_amp_128.csv,runs/phase2_amp20_only/configs/run_amp_128.cfg
129.0,1,46.09156138,5.64,-76.20567253,-837.9149479,837.9149479,870.141024,runs/phase2_amp20_only/csv/run_amp_129.csv,runs/phase2_amp20_only/configs/run_amp_129.cfg
130.0,1,46.1334045,5.64,-76.20582501,-838.1843446,838.1843446,870.3877473,runs/phase2_amp20_only/csv/run_amp_130.csv,runs/phase2_amp20_only/configs/run_amp_130.cfg
131.0,1,46.17139847,5.64,-76.20596479,-838.447818,838.447818,870.6558152,runs/phase2_amp20_only/csv/run_amp_131.csv,runs/phase2_amp20_only/configs/run_amp_131.cfg
132.0,1,46.20584433,5.64,-76.20615374,-838.705561,838.705561,870.9179313,runs/phase2_amp20_only/csv/run_amp_132.csv,runs/phase2_amp20_only/configs/run_amp_132.cfg
133.0,1,46.23702008,5.64,-76.20633282,-838.9636992,838.9636992,871.1742887,runs/phase2_amp20_only/csv/run_amp_133.csv,runs/phase2_amp20_only/configs/run_amp_133.cfg
134.0,1,46.27967047,5.63,-76.20649926,-839.2372948,839.2372948,871.4250737,runs/phase2_amp20_only/csv/run_amp_134.csv,runs/phase2_amp20_only/configs/run_amp_134.cfg
135.0,1,46.31897114,5.63,-76.20665366,-839.5053609,839.5053609,871.6718614,runs/phase2_amp20_only/csv/run_amp_135.csv,runs/phase2_amp20_only/configs/run_amp_135.cfg
136.0,1,46.3548606,5.63,-76.20679658,-839.7680702,839.7680702,871.9386662,runs/phase2_amp20_only/csv/run_amp_136.csv,runs/phase2_amp20_only/configs/run_amp_136.cfg
137.0,1,46.38759555,5.63,-76.20696945,-840.0255893,840.0255893,872.2000813,runs/phase2_amp20_only/csv/run_amp_137.csv,runs/phase2_amp20_only/configs/run_amp_137.cfg
138.0,1,46.42393604,5.62,-76.20715095,-840.2806746,840.2806746,872.4562738,runs/phase2_amp20_only/csv/run_amp_138.csv,runs/phase2_amp20_only/configs/run_amp_138.cfg
139.0,1,46.46505967,5.62,-76.20732095,-840.5537477,840.5537477,872.7074046,runs/phase2_amp20_only/csv/run_amp_139.csv,runs/phase2_amp20_only/configs/run_amp_139.cfg
140.0,1,46.50286306,5.62,-76.20747996,-840.8217888,840.8217888,872.9536286,runs/phase2_amp20_only/csv/run_amp_140.csv,runs/phase2_amp20_only/configs/run_amp_140.cfg
141.0,1,46.53758594,5.62,-76.20762849,-841.0849475,841.0849475,873.2154482,runs/phase2_amp20_only/csv/run_amp_141.csv,runs/phase2_amp20_only/configs/run_amp_141.cfg
142.0,1,46.56945115,5.62,-76.20777123,-841.3433684,841.3433684,873.4773588,runs/phase2_amp20_only/csv/run_amp_142.csv,runs/phase2_amp20_only/configs/run_amp_142.cfg
143.0,1,46.60870594,5.61,-76.20795768,-841.5971912,841.5971912,873.7344965,runs/phase2_amp20_only/csv/run_amp_143.csv,runs/phase2_amp20_only/configs/run_amp_143.cfg
144.0,1,46.64888193,5.61,-76.20813355,-841.863682,841.863682,873.9870014,runs/phase2_amp20_only/csv/run_amp_144.csv,runs/phase2_amp20_only/configs/run_amp_144.cfg
145.0,1,46.68601559,5.61,-76.20829929,-842.1327106,842.1327106,874.2350089,runs/phase2_amp20_only/csv/run_amp_145.csv,runs/phase2_amp20_only/configs/run_amp_145.cfg
146.0,1,46.72031788,5.61,-76.20845534,-842.397257,842.397257,874.4851565,runs/phase2_amp20_only/csv/run_amp_146.csv,runs/phase2_amp20_only/configs/run_amp_146.cfg
147.0,1,46.75198553,5.61,-76.20860212,-842.6574477,842.6574477,874.74849,runs/phase2_amp20_only/csv/run_amp_147.csv,runs/phase2_amp20_only/configs/run_amp_147.cfg
148.0,1,46.79169119,5.6,-76.20874774,-842.913405,842.913405,875.0074307,runs/phase2_amp20_only/csv/run_amp_148.csv,runs/phase2_amp20_only/configs/run_amp_148.cfg
149.0,1,46.83166824,5.6,-76.20893131,-843.1656857,843.1656857,875.2621016,runs/phase2_amp20_only/csv/run_amp_149.csv,runs/phase2_amp20_only/configs/run_amp_149.cfg
150.0,1,46.86881117,5.6,-76.20910545,-843.4364862,843.4364862,875.5126218,runs/phase2_amp20_only/csv/run_amp_150.csv,runs/phase2_amp20_only/configs/run_amp_150.cfg
151.0,1,46.90330854,5.6,-76.20927054,-843.7031445,843.7031445,875.7591061,runs/phase2_amp20_only/csv/run_amp_151.csv,runs/phase2_amp20_only/configs/run_amp_151.cfg
152.0,1,46.93533672,5.6,-76.20942697,-843.9657719,843.9657719,876.0115601,runs/phase2_amp20_only/csv/run_amp_152.csv,runs/phase2_amp20_only/configs/run_amp_152.cfg
153.0,1,46.97305629,5.59,-76.20957507,-844.2244764,844.2244764,876.2729651,runs/phase2_amp20_only/csv/run_amp_153.csv,runs/phase2_amp20_only/configs/run_amp_153.cfg
154.0,1,47.01346954,5.59,-76.20971519,-844.4793624,844.4793624,876.5304096,runs/phase2_amp20_only/csv/run_amp_154.csv,runs/phase2_amp20_only/configs/run_amp_154.cfg
155.0,1,47.05120178,5.59,-76.20989106,-844.7309574,844.7309574,876.7839989,runs/phase2_amp20_only/csv/run_amp_155.csv,runs/phase2_amp20_only/configs/run_amp_155.cfg
156.0,1,47.08642396,5.59,-76.21006642,-845.0002843,845.0002843,877.0338348,runs/phase2_amp20_only/csv/run_amp_156.csv,runs/phase2_amp20_only/configs/run_amp_156.cfg
157.0,1,47.11929646,5.59,-76.2102336,-845.2658584,845.2658584,877.280016,runs/phase2_amp20_only/csv/run_amp_157.csv,runs/phase2_amp20_only/configs/run_amp_157.cfg
158.0,1,47.15252827,5.58,-76.21039292,-845.5277757,845.5277757,877.5285744,runs/phase2_amp20_only/csv/run_amp_158.csv,runs/phase2_amp20_only/configs/run_amp_158.cfg
159.0,1,47.19393991,5.58,-76.21054468,-845.7861288,845.7861288,877.7892558,runs/phase2_amp20_only/csv/run_amp_159.csv,runs/phase2_amp20_only/configs/run_amp_159.cfg
160.0,1,47.23277911,5.58,-76.21068917,-846.0410078,846.0410078,878.0463357,runs/phase2_amp20_only/csv/run_amp_160.csv,runs/phase2_amp20_only/configs/run_amp_160.cfg
161.0,1,47.26920288,5.58,-76.21083443,-846.2924999,846.2924999,878.2999051,runs/phase2_amp20_only/csv/run_amp_161.csv,runs/phase2_amp20_only/configs/run_amp_161.cfg
162.0,1,47.30335899,5.58,-76.21101329,-846.554929,846.554929,878.5500517,runs/phase2_amp20_only/csv/run_amp_162.csv,runs/phase2_amp20_only/configs/run_amp_162.cfg
163.0,1,47.33538646,5.58,-76.21118465,-846.8204093,846.8204093,878.7968609,runs/phase2_amp20_only/csv/run_amp_163.csv,runs/phase2_amp20_only/configs/run_amp_163.cfg
164.0,1,47.37237791,5.57,-76.21134881,-847.0825451,847.0825451,879.0404156,runs/phase2_amp20_only/csv/run_amp_164.csv,runs/phase2_amp20_only/configs/run_amp_164.cfg
165.0,1,47.4128072,5.57,-76.21150601,-847.3414169,847.3414169,879.2966023,runs/phase2_amp20_only/csv/run_amp_165.csv,runs/phase2_amp20_only/configs/run_amp_165.cfg
166.0,1,47.45088173,5.57,-76.21165651,-847.5971028,847.5971028,879.5541879,runs/phase2_amp20_only/csv/run_amp_166.csv,runs/phase2_amp20_only/configs/run_amp_166.cfg
167.0,1,47.48673923,5.57,-76.21180056,-847.8496788,847.8496788,879.8085518,runs/phase2_amp20_only/csv/run_amp_167.csv,runs/phase2_amp20_only/configs/run_amp_167.cfg
168.0,1,47.52050968,5.57,-76.21194075,-848.0993119,848.0993119,880.0597705,runs/phase2_amp20_only/csv/run_amp_168.csv,runs/phase2_amp20_only/configs/run_amp_168.cfg
169.0,1,47.55231569,5.57,-76.21211794,-848.3654613,848.3654613,880.3079184,runs/phase2_amp20_only/csv/run_amp_169.csv,runs/phase2_amp20_only/configs/run_amp_169.cfg
170.0,1,47.5902264,5.56,-76.21228843,-848.6285295,848.6285295,880.5530678,runs/phase2_amp20_only/csv/run_amp_170.csv,runs/phase2_amp20_only/configs/run_amp_170.cfg
171.0,1,47.63039343,5.56,-76.21245247,-848.8885868,848.8885868,880.7952888,runs/phase2_amp20_only/csv/run_amp_171.csv,runs/phase2_amp20_only/configs/run_amp_171.cfg
172.0,1,47.66836723,5.56,-76.21261027,-849.1457017,849.1457017,881.0521937,runs/phase2_amp20_only/csv/run_amp_172.csv,runs/phase2_amp20_only/configs/run_amp_172.cfg
173.0,1,47.70427055,5.56,-76.21276205,-849.3999407,849.3999407,881.3079768,runs/phase2_amp20_only/csv/run_amp_173.csv,runs/phase2_amp20_only/configs/run_amp_173.cfg
174.0,1,47.73821959,5.56,-76.21290803,-849.6513682,849.6513682,881.5608495,runs/phase2_amp20_only/csv/run_amp_174.csv,runs/phase2_amp20_only/configs/run_amp_174.cfg
175.0,1,47.77032424,5.56,-76.21304839,-849.9000472,849.9000472,881.8108772,runs/phase2_amp20_only/csv/run_amp_175.csv,runs/phase2_amp20_only/configs/run_amp_175.cfg
176.0,1,47.8063446,5.55,-76.21320427,-850.1635978,850.1635978,882.0581235,runs/phase2_amp20_only/csv/run_amp_176.csv,runs/phase2_amp20_only/configs/run_amp_176.cfg
177.0,1,47.84686222,5.55,-76.21337625,-850.425351,850.425351,882.30265,runs/phase2_amp20_only/csv/run_amp_177.csv,runs/phase2_amp20_only/configs/run_amp_177.cfg
178.0,1,47.88530393,5.55,-76.21354237,-850.6843688,850.6843688,882.5445169,runs/phase2_amp20_only/csv/run_amp_178.csv,runs/phase2_amp20_only/configs/run_amp_178.cfg
179.0,1,47.92178081,5.55,-76.21370283,-850.94071,850.94071,882.7957363,runs/phase2_amp20_only/csv/run_amp_179.csv,runs/phase2_amp20_only/configs/run_amp_179.cfg
180.0,1,47.95639825,5.55,-76.2138578,-851.1944316,851.1944316,883.0507067,runs/phase2_amp20_only/csv/run_amp_180.csv,runs/phase2_amp20_only/configs/run_amp_180.cfg
181.0,1,47.98925619,5.55,-76.21400747,-851.4455892,851.4455892,883.3030248,runs/phase2_amp20_only/csv/run_amp_181.csv,runs/phase2_amp20_only/configs/run_amp_181.cfg
182.0,1,48.02048855,5.54,-76.214152,-851.6942369,851.6942369,883.5527468,runs/phase2_amp20_only/csv/run_amp_182.csv,runs/phase2_amp20_only/configs/run_amp_182.cfg
183.0,1,48.06190248,5.54,-76.21429158,-851.9490572,851.9490572,883.7999275,runs/phase2_amp20_only/csv/run_amp_183.csv,runs/phase2_amp20_only/configs/run_amp_183.cfg
184.0,1,48.10132231,5.54,-76.21444387,-852.2103376,852.2103376,884.0446203,runs/phase2_amp20_only/csv/run_amp_184.csv,runs/phase2_amp20_only/configs/run_amp_184.cfg
185.0,1,48.13884987,5.54,-76.21461376,-852.4691125,852.4691125,884.286877,runs/phase2_amp20_only/csv/run_amp_185.csv,runs/phase2_amp20_only/configs/run_amp_185.cfg
186.0,1,48.17458203,5.54,-76.21477844,-852.7254325,852.7254325,884.5267482,runs/phase2_amp20_only/csv/run_amp_186.csv,runs/phase2_amp20_only/configs/run_amp_186.cfg
187.0,1,48.20861091,5.54,-76.21493806,-852.9793472,852.9793472,884.7813841,runs/phase2_amp20_only/csv/run_amp_187.csv,runs/phase2_amp20_only/configs/run_amp_187.cfg
188.0,1,48.24102412,5.54,-76.21509279,-853.2309048,853.2309048,885.0338658,runs/phase2_amp20_only/csv/run_amp_188.csv,runs/phase2_amp20_only/configs/run_amp_188.cfg
189.0,1,48.27477316,5.53,-76.21524277,-853.4801523,853.4801523,885.2839598,runs/phase2_amp20_only/csv/run_amp_189.csv,runs/phase2_amp20_only/configs/run_amp_189.cfg
190.0,1,48.31565078,5.53,-76.21538815,-853.7271355,853.7271355,885.5317138,runs/phase2_amp20_only/csv/run_amp_190.csv,runs/phase2_amp20_only/configs/run_amp_190.cfg
191.0,1,48.35468132,5.53,-76.21552907,-853.9820843,853.9820843,885.7771742,runs/phase2_amp20_only/csv/run_amp_191.csv,runs/phase2_amp20_only/configs/run_amp_191.cfg
192.0,1,48.3919549,5.53,-76.21566567,-854.2412284,854.2412284,886.0203864,runs/phase2_amp20_only/csv/run_amp_192.csv,runs/phase2_amp20_only/configs/run_amp_192.cfg
193.0,1,48.42755744,5.53,-76.21583017,-854.4981046,854.4981046,886.2613944,runs/phase2_amp20_only/csv/run_amp_193.csv,runs/phase2_amp20_only/configs/run_amp_193.cfg
194.0,1,48.46157085,5.53,-76.21599559,-854.7527562,854.7527562,886.5002412,runs/phase2_amp20_only/csv/run_amp_194.csv,runs/phase2_amp20_only/configs/run_amp_194.cfg
195.0,1,48.49407322,5.53,-76.21615644,-855.0052252,855.0052252,886.7514629,runs/phase2_amp20_only/csv/run_amp_195.csv,runs/phase2_amp20_only/configs/run_amp_195.cfg
196.0,1,48.52711491,5.52,-76.21631285,-855.255553,855.255553,887.0024486,runs/phase2_amp20_only/csv/run_amp_196.csv,runs/phase2_amp20_only/configs/run_amp_196.cfg
197.0,1,48.56809639,5.52,-76.21646496,-855.5037795,855.5037795,887.2512646,runs/phase2_amp20_only/csv/run_amp_197.csv,runs/phase2_amp20_only/configs/run_amp_197.cfg
198.0,1,48.60733754,5.52,-76.21661288,-855.7499441,855.7499441,887.4979516,runs/phase2_amp20_only/csv/run_amp_198.csv,runs/phase2_amp20_only/configs/run_amp_198.cfg
199.0,1,48.64491936,5.52,-76.21675674,-855.99857,855.99857,887.7425494,runs/phase2_amp20_only/csv/run_amp_199.csv,runs/phase2_amp20_only/configs/run_amp_199.cfg
200.0,1,48.68091924,5.52,-76.21689666,-856.2564459,856.2564459,887.9850968,runs/phase2_amp20_only/csv/run_amp_200.csv,runs/phase2_amp20_only/configs/run_amp_200.cfg
201.0,1,48.71541115,5.52,-76.21703275,-856.5122508,856.5122508,888.2256317,runs/phase2_amp20_only/csv/run_amp_201.csv,runs/phase2_amp20_only/configs/run_amp_201.cfg
202.0,1,48.74846575,5.52,-76.21718979,-856.766022,856.766022,888.4641911,runs/phase2_amp20_only/csv/run_amp_202.csv,runs/phase2_amp20_only/configs/run_amp_202.cfg
203.0,1,48.78015058,5.52,-76.21735343,-857.0177956,857.0177956,888.7057093,runs/phase2_amp20_only/csv/run_amp_203.csv,runs/phase2_amp20_only/configs/run_amp_203.cfg
204.0,1,48.81914981,5.51,-76.217513,-857.2676073,857.2676073,888.9559613,runs/phase2_amp20_only/csv/run_amp_204.csv,runs/phase2_amp20_only/configs/run_amp_204.cfg
205.0,1,48.85913444,5.51,-76.21766861,-857.5154916,857.5154916,889.2042249,runs/phase2_amp20_only/csv/run_amp_205.csv,runs/phase2_amp20_only/configs/run_amp_205.cfg
206.0,1,48.89752725,5.51,-76.21782037,-857.7614824,857.7614824,889.4505352,runs/phase2_amp20_only/csv/run_amp_206.csv,runs/phase2_amp20_only/configs/run_amp_206.cfg
207.0,1,48.93439897,5.51,-76.21796838,-858.0056127,858.0056127,889.6949266,runs/phase2_amp20_only/csv/run_amp_207.csv,runs/phase2_amp20_only/configs/run_amp_207.cfg
208.0,1,48.96981731,5.51,-76.21811275,-858.2551108,858.2551108,889.9374328,runs/phase2_amp20_only/csv/run_amp_208.csv,runs/phase2_amp20_only/configs/run_amp_208.cfg
209.0,1,49.00384715,5.51,-76.21825358,-858.5104821,858.5104821,890.1780865,runs/phase2_amp20_only/csv/run_amp_209.csv,runs/phase2_amp20_only/configs/run_amp_209.cfg
210.0,1,49.03655061,5.51,-76.21839096,-858.7639795,858.7639795,890.4169199,runs/phase2_amp20_only/csv/run_amp_210.csv,runs/phase2_amp20_only/configs/run_amp_210.cfg
211.0,1,49.06819085,5.5,-76.21852499,-859.0156347,859.0156347,890.6539644,runs/phase2_amp20_only/csv/run_amp_211.csv,runs/phase2_amp20_only/configs/run_amp_211.cfg
212.0,1,49.1094158,5.5,-76.21868641,-859.2654784,859.2654784,890.8930345,runs/phase2_amp20_only/csv/run_amp_212.csv,runs/phase2_amp20_only/configs/run_amp_212.cfg
213.0,1,49.14909188,5.5,-76.2188466,-859.5135408,859.5135408,891.141305,runs/phase2_amp20_only/csv/run_amp_213.csv,runs/phase2_amp20_only/configs/run_amp_213.cfg
214.0,1,49.18728449,5.5,-76.21900319,-859.7598515,859.7598515,891.3877702,runs/phase2_amp20_only/csv/run_amp_214.csv,runs/phase2_amp20_only/configs/run_amp_214.cfg
215.0,1,49.22405643,5.5,-76.2191563,-860.0044393,860.0044393,891.6324599,runs/phase2_amp20_only/csv/run_amp_215.csv,runs/phase2_amp20_only/configs/run_amp_215.cfg
216.0,1,49.25946796,5.5,-76.219306,-860.2473324,860.2473324,891.8754035,runs/phase2_amp20_only/csv/run_amp_216.csv,runs/phase2_amp20_only/configs/run_amp_216.cfg
217.0,1,49.29357695,5.5,-76.21945239,-860.4910513,860.4910513,892.1166298,runs/phase2_amp20_only/csv/run_amp_217.csv,runs/phase2_amp20_only/configs/run_amp_217.cfg
218.0,1,49.32643893,5.5,-76.21959555,-860.7447444,860.7447444,892.3561668,runs/phase2_amp20_only/csv/run_amp_218.csv,runs/phase2_amp20_only/configs/run_amp_218.cfg
219.0,1,49.35810718,5.5,-76.21973556,-860.9967268,860.9967268,892.594042,runs/phase2_amp20_only/csv/run_amp_219.csv,runs/phase2_amp20_only/configs/run_amp_219.cfg
220.0,1,49.39845503,5.49,-76.2198725,-861.2470254,861.2470254,892.8302823,runs/phase2_amp20_only/csv/run_amp_220.csv,runs/phase2_amp20_only/configs/run_amp_220.cfg
221.0,1,49.4384134,5.49,-76.22000645,-861.4956667,861.4956667,893.064914,runs/phase2_amp20_only/csv/run_amp_221.csv,runs/phase2_amp20_only/configs/run_amp_221.cfg
222.0,1,49.47696528,5.49,-76.22015278,-861.7426767,861.7426767,893.3074473,runs/phase2_amp20_only/csv/run_amp_222.csv,runs/phase2_amp20_only/configs/run_amp_222.cfg
223.0,1,49.51416731,5.49,-76.22031172,-861.9880807,861.9880807,893.5528251,runs/phase2_amp20_only/csv/run_amp_223.csv,runs/phase2_amp20_only/configs/run_amp_223.cfg
224.0,1,49.55007394,5.49,-76.22046746,-862.2319037,862.2319037,893.7965754,runs/phase2_amp20_only/csv/run_amp_224.csv,runs/phase2_amp20_only/configs/run_amp_224.cfg
225.0,1,49.5847376,5.49,-76.22062007,-862.4741699,862.4741699,894.0387232,runs/phase2_amp20_only/csv/run_amp_225.csv,runs/phase2_amp20_only/configs/run_amp_225.cfg
226.0,1,49.61820868,5.49,-76.22076962,-862.7149031,862.7149031,894.2792936,runs/phase2_amp20_only/csv/run_amp_226.csv,runs/phase2_amp20_only/configs/run_amp_226.cfg
227.0,1,49.65053565,5.49,-76.22091619,-862.9586662,862.9586662,894.5183106,runs/phase2_amp20_only/csv/run_amp_227.csv,runs/phase2_amp20_only/configs/run_amp_227.cfg
228.0,1,49.68613029,5.48,-76.22105985,-863.2097473,863.2097473,894.7557981,runs/phase2_amp20_only/csv/run_amp_228.csv,runs/phase2_amp20_only/configs/run_amp_228.cfg
229.0,1,49.72690419,5.48,-76.22120067,-863.4592773,863.4592773,894.9917794,runs/phase2_amp20_only/csv/run_amp_229.csv,runs/phase2_amp20_only/configs/run_amp_229.cfg
230.0,1,49.76632354,5.48,-76.22133872,-863.7072792,863.7072792,895.2262772,runs/phase2_amp20_only/csv/run_amp_230.csv,runs/phase2_amp20_only/configs/run_amp_230.cfg
231.0,1,49.80444009,5.48,-76.22147407,-863.9537756,863.9537756,895.4593138,runs/phase2_amp20_only/csv/run_amp_231.csv,runs/phase2_amp20_only/configs/run_amp_231.cfg
232.0,1,49.84130377,5.48,-76.22160677,-864.1987885,864.1987885,895.698234,runs/phase2_amp20_only/csv/run_amp_232.csv,runs/phase2_amp20_only/configs/run_amp_232.cfg
233.0,1,49.87696268,5.48,-76.22174679,-864.4423394,864.4423394,895.9415731,runs/phase2_amp20_only/csv/run_amp_233.csv,runs/phase2_amp20_only/configs/run_amp_233.cfg
234.0,1,49.9114632,5.48,-76.22190325,-864.6844496,864.6844496,896.1834307,runs/phase2_amp20_only/csv/run_amp_234.csv,runs/phase2_amp20_only/configs/run_amp_234.cfg
235.0,1,49.94485004,5.48,-76.22205686,-864.9251399,864.9251399,896.4238284,runs/phase2_amp20_only/csv/run_amp_235.csv,runs/phase2_amp20_only/configs/run_amp_235.cfg
236.0,1,49.97716629,5.48,-76.22220769,-865.1644305,865.1644305,896.6627875,runs/phase2_amp20_only/csv/run_amp_236.csv,runs/phase2_amp20_only/configs/run_amp_236.cfg
237.0,1,50.01377461,5.47,-76.22235579,-865.4023414,865.4023414,896.9003286,runs/phase2_amp20_only/csv/run_amp_237.csv,runs/phase2_amp20_only/configs/run_amp_237.cfg
238.0,1,50.05454653,5.47,-76.22250125,-865.650799,865.650799,897.1364721,runs/phase2_amp20_only/csv/run_amp_238.csv,runs/phase2_amp20_only/configs/run_amp_238.cfg
239.0,1,50.09404323,5.47,-76.2226441,-865.8986008,865.8986008,897.3712378,runs/phase2_amp20_only/csv/run_amp_239.csv,runs/phase2_amp20_only/configs/run_amp_239.cfg
240.0,1,50.132311,5.47,-76.22278441,-866.1450035,866.1450035,897.6046455,runs/phase2_amp20_only/csv/run_amp_240.csv,runs/phase2_amp20_only/configs/run_amp_240.cfg
241.0,1,50.16939454,5.47,-76.22292224,-866.3900267,866.3900267,897.8367141,runs/phase2_amp20_only/csv/run_amp_241.csv,runs/phase2_amp20_only/configs/run_amp_241.cfg
242.0,1,50.20533704,5.47,-76.22305765,-866.6336891,866.6336891,898.0674625,runs/phase2_amp20_only/csv/run_amp_242.csv,runs/phase2_amp20_only/configs/run_amp_242.cfg
243.0,1,50.24018023,5.47,-76.22319068,-866.8760095,866.8760095,898.3075432,runs/phase2_amp20_only/csv/run_amp_243.csv,runs/phase2_amp20_only/configs/run_amp_243.cfg
244.0,1,50.27396438,5.47,-76.22332139,-867.117006,867.117006,898.5481459,runs/phase2_amp20_only/csv/run_amp_244.csv,runs/phase2_amp20_only/configs/run_amp_244.cfg
245.0,1,50.30672842,5.47,-76.22346116,-867.3566966,867.3566966,898.7874074,runs/phase2_amp20_only/csv/run_amp_245.csv,runs/phase2_amp20_only/configs/run_amp_245.cfg
246.0,1,50.34023542,5.46,-76.22361435,-867.5950988,867.5950988,899.025346,runs/phase2_amp20_only/csv/run_amp_246.csv,runs/phase2_amp20_only/configs/run_amp_246.cfg
247.0,1,50.38158007,5.46,-76.22376503,-867.8322298,867.8322298,899.2619797,runs/phase2_amp20_only/csv/run_amp_247.csv,runs/phase2_amp20_only/configs/run_amp_247.cfg
248.0,1,50.42170408,5.46,-76.22391326,-868.0681067,868.0681067,899.4973259,runs/phase2_amp20_only/csv/run_amp_248.csv,runs/phase2_amp20_only/configs/run_amp_248.cfg
249.0,1,50.46064943,5.46,-76.22405908,-868.3141391,868.3141391,899.7314019,runs/phase2_amp20_only/csv/run_amp_249.csv,runs/phase2_amp20_only/configs/run_amp_249.cfg
250.0,1,50.49845676,5.46,-76.22420254,-868.5594877,868.5594877,899.9642247,runs/phase2_amp20_only/csv/run_amp_250.csv,runs/phase2_amp20_only/configs/run_amp_250.cfg
251.0,1,50.53516538,5.46,-76.2243437,-868.8035625,868.8035625,900.1958109,runs/phase2_amp20_only/csv/run_amp_251.csv,runs/phase2_amp20_only/configs/run_amp_251.cfg
252.0,1,50.57081338,5.46,-76.22448261,-869.0463798,869.0463798,900.4261768,runs/phase2_amp20_only/csv/run_amp_252.csv,runs/phase2_amp20_only/configs/run_amp_252.cfg
253.0,1,50.60543758,5.46,-76.2246193,-869.2879559,869.2879559,900.6553384,runs/phase2_amp20_only/csv/run_amp_253.csv,runs/phase2_amp20_only/configs/run_amp_253.cfg
254.0,1,50.63907362,5.46,-76.22475383,-869.5283066,869.5283066,900.8896919,runs/phase2_amp20_only/csv/run_amp_254.csv,runs/phase2_amp20_only/configs/run_amp_254.cfg
255.0,1,50.67175599,5.46,-76.22488623,-869.7674476,869.7674476,901.1282983,runs/phase2_amp20_only/csv/run_amp_255.csv,runs/phase2_amp20_only/configs/run_amp_255.cfg
256.0,1,50.70747345,5.45,-76.22501657,-870.005394,870.005394,901.3656794,runs/phase2_amp20_only/csv/run_amp_256.csv,runs/phase2_amp20_only/configs/run_amp_256.cfg
257.0,1,50.74874142,5.45,-76.22514487,-870.242161,870.242161,901.6018509,runs/phase2_amp20_only/csv/run_amp_257.csv,runs/phase2_amp20_only/configs/run_amp_257.cfg
258.0,1,50.78886193,5.45,-76.22528801,-870.4777633,870.4777633,901.8368282,runs/phase2_amp20_only/csv/run_amp_258.csv,runs/phase2_amp20_only/configs/run_amp_258.cfg
259.0,1,50.82787238,5.45,-76.22543753,-870.7122155,870.7122155,902.0706262,runs/phase2_amp20_only/csv/run_amp_259.csv,runs/phase2_amp20_only/configs/run_amp_259.cfg
260.0,1,50.86580904,5.45,-76.22558485,-870.9493685,870.9493685,902.3032599,runs/phase2_amp20_only/csv/run_amp_260.csv,runs/phase2_amp20_only/configs/run_amp_260.cfg
261.0,1,50.90270708,5.45,-76.22573,-871.1929093,871.1929093,902.5347436,runs/phase2_amp20_only/csv/run_amp_261.csv,runs/phase2_amp20_only/configs/run_amp_261.cfg
262.0,1,50.93860061,5.45,-76.22587303,-871.4352806,871.4352806,902.7650919,runs/phase2_amp20_only/csv/run_amp_262.csv,runs/phase2_amp20_only/configs/run_amp_262.cfg
263.0,1,50.97352268,5.45,-76.22601398,-871.6764964,871.6764964,902.9943186,runs/phase2_amp20_only/csv/run_amp_263.csv,runs/phase2_amp20_only/configs/run_amp_263.cfg
264.0,1,51.00750535,5.45,-76.2261529,-871.9165707,871.9165707,903.2224376,runs/phase2_amp20_only/csv/run_amp_264.csv,runs/phase2_amp20_only/configs/run_amp_264.cfg
265.0,1,51.04057969,5.45,-76.22628981,-872.1555171,872.1555171,903.4494625,runs/phase2_amp20_only/csv/run_amp_265.csv,runs/phase2_amp20_only/configs/run_amp_265.cfg
266.0,1,51.07388853,5.44,-76.22642477,-872.3933492,872.3933492,903.6820057,runs/phase2_amp20_only/csv/run_amp_266.csv,runs/phase2_amp20_only/configs/run_amp_266.cfg
267.0,1,51.1156772,5.44,-76.2265578,-872.6300801,872.6300801,903.9180679,runs/phase2_amp20_only/csv/run_amp_267.csv,runs/phase2_amp20_only/configs/run_amp_267.cfg
268.0,1,51.15636867,5.44,-76.22668895,-872.865723,872.865723,904.1530153,runs/phase2_amp20_only/csv/run_amp_268.csv,runs/phase2_amp20_only/configs/run_amp_268.cfg
269.0,1,51.19599674,5.44,-76.22681825,-873.1002905,873.1002905,904.3868612,runs/phase2_amp20_only/csv/run_amp_269.csv,runs/phase2_amp20_only/configs/run_amp_269.cfg
270.0,1,51.23459426,5.44,-76.22694574,-873.3337952,873.3337952,904.6196188,runs/phase2_amp20_only/csv/run_amp_270.csv,runs/phase2_amp20_only/configs/run_amp_270.cfg
271.0,1,51.27219313,5.44,-76.22707183,-873.5662496,873.5662496,904.8513008,runs/phase2_amp20_only/csv/run_amp_271.csv,runs/phase2_amp20_only/configs/run_amp_271.cfg
272.0,1,51.30882437,5.44,-76.22721951,-873.7984344,873.7984344,905.0819199,runs/phase2_amp20_only/csv/run_amp_272.csv,runs/phase2_amp20_only/configs/run_amp_272.cfg
273.0,1,51.34451807,5.44,-76.22736521,-874.0395964,874.0395964,905.3114885,runs/phase2_amp20_only/csv/run_amp_273.csv,runs/phase2_amp20_only/configs/run_amp_273.cfg
274.0,1,51.37930348,5.44,-76.22750898,-874.2796891,874.2796891,905.5400188,runs/phase2_amp20_only/csv/run_amp_274.csv,runs/phase2_amp20_only/configs/run_amp_274.cfg
275.0,1,51.413209,5.44,-76.22765084,-874.5187245,874.5187245,905.7675228,runs/phase2_amp20_only/csv/run_amp_275.csv,runs/phase2_amp20_only/configs/run_amp_275.cfg
276.0,1,51.44626221,5.44,-76.22779084,-874.7567145,874.7567145,905.9940123,runs/phase2_amp20_only/csv/run_amp_276.csv,runs/phase2_amp20_only/configs/run_amp_276.cfg
277.0,1,51.48194197,5.43,-76.227929,-874.993671,874.993671,906.219499,runs/phase2_amp20_only/csv/run_amp_277.csv,runs/phase2_amp20_only/configs/run_amp_277.cfg
278.0,1,51.52374419,5.43,-76.22806536,-875.2296054,875.2296054,906.4439942,runs/phase2_amp20_only/csv/run_amp_278.csv,runs/phase2_amp20_only/configs/run_amp_278.cfg
279.0,1,51.56451205,5.43,-76.22819996,-875.4645291,875.4645291,906.6778105,runs/phase2_amp20_only/csv/run_amp_279.csv,runs/phase2_amp20_only/configs/run_amp_279.cfg
280.0,1,51.60427568,5.43,-76.22833282,-875.6984533,875.6984533,906.9109426,runs/phase2_amp20_only/csv/run_amp_280.csv,runs/phase2_amp20_only/configs/run_amp_280.cfg
